dim,rep,num_inducing,marg_lik,mean_log_pred,time,a
1,0,5,-43602.82413580846,-0.9860077771907517,0.27770566940307617,-1.6
1,0,5,-41047.54194739729,-0.9691907997219118,0.2623112201690674,-1.4
1,0,5,-38259.85682454943,-0.9491450835458535,0.25658679008483887,-1.2
1,0,5,-35093.365769564916,-0.9247783795976955,0.2615389823913574,-1.0
1,0,5,-31404.86446841679,-0.8955793154782135,0.2506139278411865,-0.8
1,0,5,-27011.261086649152,-0.8579055996875041,0.264026403427124,-0.6
1,0,5,-21794.973095199035,-0.7927877219364816,0.2659754753112793,-0.4
1,0,5,-16529.257540238366,-0.6442184207834885,0.25989508628845215,-0.2
1,0,5,-15227.396370985618,-0.5293832185706212,0.2668318748474121,0.0
1,0,9,-23295.011406140853,-0.6741299876552195,0.2555863857269287,-1.6
1,0,9,-18724.548260471478,-0.5914691587271993,0.26041483879089355,-1.4
1,0,9,-14973.6143284461,-0.5347049659703884,0.2667355537414551,-1.2
1,0,9,-12101.05531649627,-0.4860807300566581,0.26563596725463867,-1.0
1,0,9,-9699.938578194393,-0.43692560931378704,0.2563493251800537,-0.8
1,0,9,-7580.450746416034,-0.3911647757822718,0.2828841209411621,-0.6
1,0,9,-5987.693712672859,-0.35859525911865764,0.2773854732513428,-0.4
1,0,9,-6123.4044894161125,-0.35712838770056304,0.28328633308410645,-0.2
1,0,9,-12694.713892625216,-0.46617273758257877,0.2602260112762451,0.0
1,0,15,-9157.58730378253,-0.4231931142306106,0.27993321418762207,-1.6
1,0,15,-7896.485903496294,-0.3966073019550517,0.27818799018859863,-1.4
1,0,15,-6792.080552455045,-0.3737211453934824,0.27350521087646484,-1.2
1,0,15,-5801.539882121186,-0.35014118424447804,0.26854968070983887,-1.0
1,0,15,-4962.1510676178805,-0.33117276946061097,0.26476359367370605,-0.8
1,0,15,-4268.673216949217,-0.31350024358111683,0.2754027843475342,-0.6
1,0,15,-3741.432771550455,-0.3009759918486573,0.27871036529541016,-0.4
1,0,15,-4711.976650492492,-0.307919951463295,0.2555227279663086,-0.2
1,0,15,-11836.296234781985,-0.44148233363238526,0.3113548755645752,0.0
1,0,21,-5796.889239430377,-0.3494012003990569,0.2570607662200928,-1.6
1,0,21,-5181.480160188985,-0.33546084982588137,0.25612545013427734,-1.4
1,0,21,-4646.882747612071,-0.3225106821677277,0.2561368942260742,-1.2
1,0,21,-4147.757152533006,-0.30935502099590734,0.2730441093444824,-1.0
1,0,21,-3688.8686468462474,-0.3007843344531575,0.2651486396789551,-0.8
1,0,21,-3345.1199052095326,-0.29474904502060123,0.2545595169067383,-0.6
1,0,21,-3197.2216049696726,-0.28427990863960134,0.27460384368896484,-0.4
1,0,21,-4370.3657740748895,-0.2961773159639997,0.26141929626464844,-0.2
1,0,21,-11537.474982569482,-0.4337866482511812,0.2734029293060303,0.0
1,1,5,-31310.52443976289,-0.8040942838849473,0.25203847885131836,-1.6
1,1,5,-29145.681187811188,-0.7790475710818126,0.2683258056640625,-1.4
1,1,5,-26765.217367723166,-0.7491499447350318,0.262692928314209,-1.2
1,1,5,-24102.145006194598,-0.7130892490294747,0.2721095085144043,-1.0
1,1,5,-21094.51086195778,-0.6692877083584963,0.2630910873413086,-0.8
1,1,5,-17726.217846697335,-0.6165669111650013,0.26640939712524414,-0.6
1,1,5,-14324.965672619,-0.5596174518209773,0.2565877437591553,-0.4
1,1,5,-12789.283290628104,-0.5262770082646837,0.2622497081756592,-0.2
1,1,5,-16154.187668653678,-0.5512897718234622,0.2597994804382324,0.0
1,1,9,-18799.754290577315,-0.6304623857328394,0.24961471557617188,-1.6
1,1,9,-16833.949681970385,-0.5961540859321968,0.2606687545776367,-1.4
1,1,9,-14707.862864048031,-0.5522150078582365,0.26169705390930176,-1.2
1,1,9,-12277.879845092626,-0.4881133108176489,0.2724735736846924,-1.0
1,1,9,-9785.008463495418,-0.42465828685505563,0.26636505126953125,-0.8
1,1,9,-7801.971050712782,-0.38197155016516826,0.26412439346313477,-0.6
1,1,9,-6377.678058710248,-0.3562754753713183,0.2692899703979492,-0.4
1,1,9,-6497.407024135362,-0.3614531806439975,0.2601778507232666,-0.2
1,1,9,-12694.383006711076,-0.4806798399446083,0.26088714599609375,0.0
1,1,15,-9292.76756062069,-0.4134004066906988,0.2552211284637451,-1.6
1,1,15,-8143.587785242649,-0.38898805772935635,0.2670297622680664,-1.4
1,1,15,-7138.157028673784,-0.3690192306171188,0.2729947566986084,-1.2
1,1,15,-6241.319889861705,-0.35255214634586435,0.2525961399078369,-1.0
1,1,15,-5378.577906336606,-0.33722647258413385,0.25937581062316895,-0.8
1,1,15,-4535.320198897287,-0.3223069265995547,0.2720460891723633,-0.6
1,1,15,-4027.5851263935183,-0.3160425557658213,0.2527492046356201,-0.4
1,1,15,-5060.905336599069,-0.33444691580993663,0.2695324420928955,-0.2
1,1,15,-12000.788373489617,-0.46442107090445145,0.25798749923706055,0.0
1,1,21,-6238.58752580735,-0.3522146045939131,0.2591438293457031,-1.6
1,1,21,-5612.227565364032,-0.3408114884613203,0.2554454803466797,-1.4
1,1,21,-4989.68657265135,-0.3300030663681912,0.2642018795013428,-1.2
1,1,21,-4397.893280629964,-0.31987410381785114,0.27225351333618164,-1.0
1,1,21,-3973.3302838934105,-0.3161003778050857,0.2664952278137207,-0.8
1,1,21,-3702.2453972872827,-0.31455796997506746,0.27779650688171387,-0.6
1,1,21,-3571.725370632652,-0.3159101373005741,0.2656385898590088,-0.4
1,1,21,-4536.774392604355,-0.3140155169698962,0.25385522842407227,-0.2
1,1,21,-11559.510997558107,-0.44527234705422813,0.2650611400604248,0.0
1,2,5,-31912.510516485276,-0.8006668035908544,0.26593542098999023,-1.6
1,2,5,-29587.133511154305,-0.7735624678370455,0.2627425193786621,-1.4
1,2,5,-27028.698499347734,-0.7392678435027799,0.25570225715637207,-1.2
1,2,5,-24116.687805765436,-0.6959163169501991,0.26206517219543457,-1.0
1,2,5,-20830.813464368388,-0.6440995897461322,0.25096774101257324,-0.8
1,2,5,-17239.06275831956,-0.582638605055185,0.2756035327911377,-0.6
1,2,5,-13668.98624712885,-0.5152095433275921,0.2640562057495117,-0.4
1,2,5,-12123.436415732023,-0.488931144856921,0.2618231773376465,-0.2
1,2,5,-16758.302761879248,-0.5782003630562025,0.2607276439666748,0.0
1,2,9,-18127.6791607087,-0.5928856644242536,0.27840566635131836,-1.6
1,2,9,-16102.605217765122,-0.5559751308176212,0.25802111625671387,-1.4
1,2,9,-14095.635733476236,-0.5176335672133415,0.2626197338104248,-1.2
1,2,9,-12080.65272743733,-0.4754993767642252,0.25989770889282227,-1.0
1,2,9,-10069.122292798624,-0.4333737473091224,0.2626516819000244,-0.8
1,2,9,-8204.268193462252,-0.3957354083156551,0.24957275390625,-0.6
1,2,9,-6664.638733462176,-0.37008284478832454,0.2651102542877197,-0.4
1,2,9,-6744.419820635318,-0.38438862722506684,0.27068519592285156,-0.2
1,2,9,-13079.774772191122,-0.4865189255219144,0.25398707389831543,0.0
1,2,15,-9655.357564651269,-0.4245071664647311,0.2701716423034668,-1.6
1,2,15,-8521.35181824286,-0.40134839251016047,0.25339722633361816,-1.4
1,2,15,-7466.318688678359,-0.3818223262440223,0.24873924255371094,-1.2
1,2,15,-6521.007373290471,-0.3659204270765449,0.26820850372314453,-1.0
1,2,15,-5640.7460915929405,-0.34957412490670003,0.26103949546813965,-0.8
1,2,15,-4805.683992705941,-0.3333646102401335,0.2602243423461914,-0.6
1,2,15,-3919.1214164566336,-0.29741393332013477,0.2624092102050781,-0.4
1,2,15,-4749.600884413958,-0.3206741681771129,0.27021169662475586,-0.2
1,2,15,-11722.7663022286,-0.4575897105110895,0.26360511779785156,0.0
1,2,21,-6516.886888124551,-0.36545040096989556,0.2518584728240967,-1.6
1,2,21,-5877.523642590888,-0.35337837202959665,0.25797581672668457,-1.4
1,2,21,-5251.8778058691605,-0.34146625111309525,0.2632322311401367,-1.2
1,2,21,-4640.372788978901,-0.3266744690025887,0.2537972927093506,-1.0
1,2,21,-3900.8484425754577,-0.29726861170344704,0.25046277046203613,-0.8
1,2,21,-3373.967472728764,-0.28452889619747485,0.2720165252685547,-0.6
1,2,21,-3239.910286996128,-0.2809689183999494,0.25831127166748047,-0.4
1,2,21,-4431.5488991341845,-0.30961309766893363,0.2727494239807129,-0.2
1,2,21,-11475.719622939214,-0.4516195573966686,0.26105594635009766,0.0
1,3,5,-29192.991626447274,-0.7712554028196216,0.2671389579772949,-1.6
1,3,5,-27081.78766842499,-0.7440636021162835,0.257784366607666,-1.4
1,3,5,-24731.23060323635,-0.7114529471156273,0.26350831985473633,-1.2
1,3,5,-22086.79906544887,-0.6718732090844907,0.25931525230407715,-1.0
1,3,5,-19102.988490566233,-0.6231101279703164,0.26513218879699707,-0.8
1,3,5,-15774.170230872514,-0.5630546378191446,0.26404571533203125,-0.6
1,3,5,-12442.06071472435,-0.49709352281266805,0.26166558265686035,-0.4
1,3,5,-11048.44082158326,-0.46526782943489675,0.2601799964904785,-0.2
1,3,5,-17578.82339047949,-0.5683148584865616,0.25696396827697754,0.0
1,3,9,-16892.22524467347,-0.5829254923062481,0.258098840713501,-1.6
1,3,9,-14994.415942710373,-0.5470302916374428,0.25724220275878906,-1.4
1,3,9,-13047.955427977606,-0.5082066538483386,0.2792203426361084,-1.2
1,3,9,-11091.473266673253,-0.46713267135778347,0.2655904293060303,-1.0
1,3,9,-9187.032323748244,-0.42629352117053576,0.26663970947265625,-0.8
1,3,9,-7422.9881251243205,-0.38969506311902796,0.25373172760009766,-0.6
1,3,9,-5976.834345137031,-0.36341518203791257,0.2606942653656006,-0.4
1,3,9,-6166.475665917766,-0.36605351306376777,0.26369476318359375,-0.2
1,3,9,-14049.851615939922,-0.5032714266577182,0.2511932849884033,0.0
1,3,15,-8826.51559586414,-0.41854433190437296,0.26929616928100586,-1.6
1,3,15,-7755.432842499482,-0.3963107234851911,0.2686498165130615,-1.4
1,3,15,-6757.3123989811065,-0.3769898170629561,0.2612433433532715,-1.2
1,3,15,-5853.643900437986,-0.3611582989835761,0.2626476287841797,-1.0
1,3,15,-5045.6427225006555,-0.3475056569447021,0.26669883728027344,-0.8
1,3,15,-4288.379680231468,-0.3280453053590326,0.2532038688659668,-0.6
1,3,15,-3833.9523641244596,-0.32499502613670844,0.254335880279541,-0.4
1,3,15,-4738.41665442074,-0.323774835524055,0.2580695152282715,-0.2
1,3,15,-12799.28556583909,-0.46982820057907065,0.25481534004211426,0.0
1,3,21,-5854.969599925898,-0.36095255562706163,0.2681124210357666,-1.6
1,3,21,-5264.778302007908,-0.3507986387904381,0.2559692859649658,-1.4
1,3,21,-4706.9518294120935,-0.3389857782136521,0.2681293487548828,-1.2
1,3,21,-4161.329481842644,-0.3244408313057344,0.25759291648864746,-1.0
1,3,21,-3770.7551370509536,-0.32355925015626064,0.2638552188873291,-0.8
1,3,21,-3403.63554255262,-0.3042516422630516,0.27416157722473145,-0.6
1,3,21,-3236.326888387419,-0.29681446345163043,0.25167346000671387,-0.4
1,3,21,-4442.726463936182,-0.31335260611515175,0.27274250984191895,-0.2
1,3,21,-12224.307393414223,-0.4509958091354795,0.26500606536865234,0.0
1,4,5,-54082.64981846057,-1.1406218866690725,0.26744747161865234,-1.6
1,4,5,-50245.26750993231,-1.0874606145010253,0.2611074447631836,-1.4
1,4,5,-44340.53102601897,-0.9823751169792997,0.2592504024505615,-1.2
1,4,5,-35936.712100750534,-0.8382919577642545,0.2538158893585205,-1.0
1,4,5,-27298.280958133815,-0.7301592359989098,0.2580704689025879,-0.8
1,4,5,-20844.881778010815,-0.6633437707885935,0.26113057136535645,-0.6
1,4,5,-16137.634817738173,-0.6000015932732995,0.25277137756347656,-0.4
1,4,5,-13906.8789588254,-0.5657570259163711,0.266986608505249,-0.2
1,4,5,-20280.57287102542,-0.6639249511942812,0.268021821975708,0.0
1,4,9,-21230.8213439365,-0.6695784863409052,0.2542576789855957,-1.6
1,4,9,-18721.829358942116,-0.632542905727908,0.26006174087524414,-1.4
1,4,9,-16147.401907265164,-0.5859410339227928,0.2585752010345459,-1.2
1,4,9,-13467.068944443054,-0.5301167130027903,0.2522280216217041,-1.0
1,4,9,-11060.48194581864,-0.48607117562403757,0.2617974281311035,-0.8
1,4,9,-9130.541297034135,-0.4558763496456936,0.2585728168487549,-0.6
1,4,9,-7523.593300363202,-0.4300398587107854,0.2693753242492676,-0.4
1,4,9,-7233.855010139101,-0.42257905526533024,0.2658076286315918,-0.2
1,4,9,-14759.399116251589,-0.4969814503149032,0.2585923671722412,0.0
1,4,15,-10608.886122596778,-0.4777390943812361,0.2739887237548828,-1.6
1,4,15,-9453.422364508748,-0.4585830066680476,0.2491908073425293,-1.4
1,4,15,-8344.076924551344,-0.4381063014068869,0.2509305477142334,-1.2
1,4,15,-7197.676468807622,-0.4137540258755616,0.2695925235748291,-1.0
1,4,15,-6124.67302376475,-0.3958458836996552,0.2612159252166748,-0.8
1,4,15,-5071.7713191204675,-0.3568911406595577,0.2656872272491455,-0.6
1,4,15,-4232.611781717664,-0.31043185647597504,0.27199816703796387,-0.4
1,4,15,-4851.759992168343,-0.2879155665653001,0.26182126998901367,-0.2
1,4,15,-12785.02274814251,-0.4556939290432281,0.2688159942626953,0.0
1,4,21,-7168.302117557068,-0.4120939850334909,0.2535827159881592,-1.6
1,4,21,-6388.830645635135,-0.3992160138567045,0.2591361999511719,-1.4
1,4,21,-5653.981379343939,-0.3802912533979503,0.2626526355743408,-1.2
1,4,21,-4849.884738823093,-0.3434328281606208,0.25712060928344727,-1.0
1,4,21,-4192.847703343679,-0.31219305000370057,0.27155470848083496,-0.8
1,4,21,-3591.450974542393,-0.26774699865106605,0.2596774101257324,-0.6
1,4,21,-3307.5688441970924,-0.2601925082226014,0.2555572986602783,-0.4
1,4,21,-4518.693145219826,-0.28303902325967917,0.28214335441589355,-0.2
1,4,21,-12318.19697174208,-0.44125022355629906,0.2541801929473877,0.0
2,0,9,-73861.95532350065,-1.2129744418027362,0.4863708019256592,-1.6
2,0,9,-71172.32052987625,-1.1961044092393172,0.483489990234375,-1.4
2,0,9,-67932.54665226751,-1.170808314206692,0.48868727684020996,-1.2
2,0,9,-63439.27598322602,-1.1276949158462526,0.47058916091918945,-1.0
2,0,9,-57352.89066047442,-1.0744585553117532,0.48166966438293457,-0.8
2,0,9,-51239.442889478916,-1.0359756419488098,0.4843564033508301,-0.6
2,0,9,-45826.22089641148,-0.999840372684083,0.4847121238708496,-0.4
2,0,9,-41212.18796971762,-0.9610663242226931,0.490828275680542,-0.2
2,0,9,-41321.12693969502,-0.9538734404972532,0.47919440269470215,0.0
2,0,49,-41240.99969930928,-0.9372519758318786,0.48233819007873535,-1.6
2,0,49,-37910.03851285952,-0.903812060199577,0.4882488250732422,-1.4
2,0,49,-34295.6383020582,-0.8638969548399061,0.49919843673706055,-1.2
2,0,49,-30203.255332790795,-0.8095694258541568,0.4878251552581787,-1.0
2,0,49,-25486.700327432292,-0.7422276533168354,0.4941248893737793,-0.8
2,0,49,-20453.703087283866,-0.6743263780399357,0.4795656204223633,-0.6
2,0,49,-15586.271595380531,-0.603133723918412,0.4888174533843994,-0.4
2,0,49,-14243.533582446697,-0.5877941789473252,0.4794914722442627,-0.2
2,0,49,-25738.938834399865,-0.7329656082642239,0.49515247344970703,0.0
2,0,225,-17098.945845595765,-0.6199694155854018,0.4975547790527344,-1.6
2,0,225,-14817.360030314114,-0.5838927231447248,0.508873701095581,-1.4
2,0,225,-12666.645857542026,-0.5487885105820144,0.4972243309020996,-1.2
2,0,225,-10595.43977158724,-0.5082024482517635,0.5049996376037598,-1.0
2,0,225,-8519.27022942916,-0.4648380448032876,0.4997444152832031,-0.8
2,0,225,-6775.516601426323,-0.4286656940860324,0.5080645084381104,-0.6
2,0,225,-5610.060713693529,-0.3919496227777155,0.5068352222442627,-0.4
2,0,225,-7189.927923370815,-0.38938171205913513,0.49684739112854004,-0.2
2,0,225,-20520.76063838265,-0.6067867624793096,0.4940674304962158,0.0
2,0,441,-10553.483008934614,-0.50531887615218,0.5437686443328857,-1.6
2,0,441,-9047.063691803793,-0.47342318061767547,0.5437541007995605,-1.4
2,0,441,-7690.864961156927,-0.4471695673298144,0.5482802391052246,-1.2
2,0,441,-6516.6423026395205,-0.42100315972881025,0.533301830291748,-1.0
2,0,441,-5528.165588339449,-0.39370336721044674,0.5386507511138916,-0.8
2,0,441,-4621.49189702679,-0.36154794191171313,0.5540177822113037,-0.6
2,0,441,-4191.35480532793,-0.33470095420662405,0.5474493503570557,-0.4
2,0,441,-6505.733862861598,-0.3596880361643084,0.5399689674377441,-0.2
2,0,441,-20029.895526848857,-0.593705302585109,0.554675817489624,0.0
2,0,729,-7267.940669755873,-0.4374504645370399,0.6546792984008789,-1.6
2,0,729,-6391.151694531785,-0.41726090542516237,0.6658737659454346,-1.4
2,0,729,-5622.186492925917,-0.39581976932001567,0.6470024585723877,-1.2
2,0,729,-4880.6687111700885,-0.3706759711576213,0.6395587921142578,-1.0
2,0,729,-4274.715633754378,-0.34848105399677387,0.6402688026428223,-0.8
2,0,729,-3859.0348654941117,-0.3306035931378731,0.6302080154418945,-0.6
2,0,729,-3808.6556874209637,-0.3160526892763703,0.6339917182922363,-0.4
2,0,729,-6260.711226162646,-0.34559452993578565,0.6400201320648193,-0.2
2,0,729,-19856.179030193118,-0.589919073000827,0.6356663703918457,0.0
2,0,1225,-5312.195919986771,-0.38484796790950965,0.9181430339813232,-1.6
2,0,1225,-4757.919916327664,-0.3658260974371705,0.9397342205047607,-1.4
2,0,1225,-4299.852592506875,-0.34909951170470127,0.9476277828216553,-1.2
2,0,1225,-3940.345563796516,-0.3340493852280977,0.9307801723480225,-1.0
2,0,1225,-3712.320821992471,-0.3251694170093913,0.9316518306732178,-0.8
2,0,1225,-3525.7340787564317,-0.31341683278022797,0.9807815551757812,-0.6
2,0,1225,-3585.1371587839167,-0.3009473478860287,0.9542031288146973,-0.4
2,0,1225,-6125.428926026849,-0.34009590004517376,0.922823429107666,-0.2
2,0,1225,-19760.58117534384,-0.5889111216996751,0.9187498092651367,0.0
2,0,2025,-4166.252111411406,-0.3435965994934544,1.726820468902588,-1.6
2,0,2025,-3908.4416306630665,-0.33266683544797626,1.7481889724731445,-1.4
2,0,2025,-3734.2590106682183,-0.32627755755897225,1.7533183097839355,-1.2
2,0,2025,-3566.464593905912,-0.315737189044585,1.7231931686401367,-1.0
2,0,2025,-3444.6117272385964,-0.31030965009381595,1.7262675762176514,-0.8
2,0,2025,-3330.3710836229875,-0.29875532630747725,1.7657506465911865,-0.6
2,0,2025,-3472.5871785145064,-0.2953557248289528,1.769465684890747,-0.4
2,0,2025,-6073.57595448607,-0.34046493936567324,1.7457585334777832,-0.2
2,0,2025,-19714.312065152255,-0.5881803389893187,1.7422609329223633,0.0
2,1,9,-83153.80998970591,-1.2940644660026583,0.47028422355651855,-1.6
2,1,9,-80035.54504392594,-1.275876850931732,0.47452330589294434,-1.4
2,1,9,-76940.1213733786,-1.26088765480216,0.5021483898162842,-1.2
2,1,9,-73692.93353834716,-1.2445371687796323,0.4854278564453125,-1.0
2,1,9,-69953.00514677507,-1.2252640562667412,0.47321391105651855,-0.8
2,1,9,-65467.66976643571,-1.20430327230383,0.4888324737548828,-0.6
2,1,9,-59864.20547853078,-1.1758301278961611,0.47304797172546387,-0.4
2,1,9,-53438.83652232779,-1.1269201515939653,0.48151111602783203,-0.2
2,1,9,-49404.41262474482,-1.0684797254061997,0.4859943389892578,0.0
2,1,49,-47325.93562216015,-0.9833302480698917,0.48124098777770996,-1.6
2,1,49,-42600.931620257164,-0.9400042949505281,0.49659037590026855,-1.4
2,1,49,-37786.39155486366,-0.895441148904173,0.5090229511260986,-1.2
2,1,49,-32613.764165311237,-0.8359210917800289,0.48523545265197754,-1.0
2,1,49,-26910.91701000164,-0.7639829876847247,0.48395442962646484,-0.8
2,1,49,-21280.57559360477,-0.6911608231272867,0.48673462867736816,-0.6
2,1,49,-15812.41636515846,-0.6032656372507068,0.4837009906768799,-0.4
2,1,49,-14289.658612062885,-0.5848979669797603,0.4775261878967285,-0.2
2,1,49,-25350.040081585354,-0.7307708886906727,0.4812920093536377,0.0
2,1,225,-17220.986865090308,-0.6128553659234075,0.5074975490570068,-1.6
2,1,225,-14659.28827439226,-0.5657596419446522,0.493847131729126,-1.4
2,1,225,-12188.420276758334,-0.5166560275653975,0.48462390899658203,-1.2
2,1,225,-10010.453667784932,-0.4733316337712341,0.5010459423065186,-1.0
2,1,225,-8099.739240684896,-0.43317452897377334,0.5060579776763916,-0.8
2,1,225,-6479.5917617746745,-0.3969693164147431,0.5005693435668945,-0.6
2,1,225,-5283.000682500759,-0.34201880113898586,0.4946160316467285,-0.4
2,1,225,-7044.06230699415,-0.3609955959621367,0.4963951110839844,-0.2
2,1,225,-20775.233968313587,-0.6250232653983305,0.4994204044342041,0.0
2,1,441,-9983.47217390353,-0.4715200345506047,0.5416598320007324,-1.6
2,1,441,-8593.589307066162,-0.4419819666640392,0.5471630096435547,-1.4
2,1,441,-7347.179947643926,-0.4169492004965869,0.5461111068725586,-1.2
2,1,441,-6218.683361588526,-0.3864742665905211,0.5412724018096924,-1.0
2,1,441,-5203.7521584536735,-0.34501950659569525,0.541313886642456,-0.8
2,1,441,-4424.749604514756,-0.3132342274186161,0.5360729694366455,-0.6
2,1,441,-4137.149986985314,-0.3021148318591537,0.5436105728149414,-0.4
2,1,441,-6434.144289449301,-0.34217330242462923,0.5436103343963623,-0.2
2,1,441,-20214.841783108568,-0.6110563576669725,0.5486648082733154,0.0
2,1,729,-6953.876868123851,-0.40720244178219345,0.6403992176055908,-1.6
2,1,729,-6088.378872233763,-0.38093590657428594,0.6407172679901123,-1.4
2,1,729,-5297.780062794547,-0.34850938921598795,0.6410512924194336,-1.2
2,1,729,-4635.267519954243,-0.31917179488794484,0.6431174278259277,-1.0
2,1,729,-4155.346331283879,-0.30710281085180985,0.6351346969604492,-0.8
2,1,729,-3813.5060760020424,-0.2986464434162577,0.642549991607666,-0.6
2,1,729,-3757.9888590080154,-0.29197056742058874,0.637606143951416,-0.4
2,1,729,-6175.954639471682,-0.3372754050376188,0.6418697834014893,-0.2
2,1,729,-20012.570222800496,-0.6089448919777799,0.6458330154418945,0.0
2,1,1225,-5010.574419195182,-0.3344535658936527,0.9097425937652588,-1.6
2,1,1225,-4537.341221765579,-0.3159702343183662,0.899721622467041,-1.4
2,1,1225,-4176.626220029095,-0.30746610373780947,0.9090588092803955,-1.2
2,1,1225,-3889.063271496394,-0.30037389154760363,0.9143218994140625,-1.0
2,1,1225,-3653.321431936878,-0.29359039583960556,0.9127798080444336,-0.8
2,1,1225,-3465.358413800517,-0.2901642446587057,0.8964951038360596,-0.6
2,1,1225,-3520.016856670278,-0.2898306371322504,0.9143514633178711,-0.4
2,1,1225,-6062.902088403374,-0.33665355983786927,0.8986904621124268,-0.2
2,1,1225,-19910.963877897768,-0.6054771893401908,0.906719446182251,0.0
2,1,2025,-4073.408095959574,-0.3047678001161231,1.728834867477417,-1.6
2,1,2025,-3860.3092144392795,-0.29972069067661933,1.751915693283081,-1.4
2,1,2025,-3677.2352605822307,-0.2943414304310077,1.7591822147369385,-1.2
2,1,2025,-3517.2722265766934,-0.2909650949839401,1.7581398487091064,-1.0
2,1,2025,-3356.4093910468073,-0.2878828409932189,1.7275571823120117,-0.8
2,1,2025,-3270.5118020997324,-0.2898582818149206,1.720815896987915,-0.6
2,1,2025,-3430.016029534563,-0.28969990681057606,1.7396211624145508,-0.4
2,1,2025,-6013.060537413185,-0.3348668272030754,1.7330577373504639,-0.2
2,1,2025,-19859.418710639387,-0.6052139488874674,1.7573328018188477,0.0
2,2,9,-72789.7244725247,-1.218230994694581,0.48450708389282227,-1.6
2,2,9,-71198.97183401181,-1.211464315845195,0.47585153579711914,-1.4
2,2,9,-69394.86986433729,-1.2039216606792007,0.4722137451171875,-1.2
2,2,9,-67121.92987122598,-1.1926718521596644,0.5009205341339111,-1.0
2,2,9,-64009.393040069976,-1.177161568350595,0.48369503021240234,-0.8
2,2,9,-60037.675700618085,-1.1610179742412392,0.4845256805419922,-0.6
2,2,9,-55399.591414719966,-1.1432185667833454,0.47965502738952637,-0.4
2,2,9,-50973.94092894386,-1.1265011033629848,0.46721577644348145,-0.2
2,2,9,-49279.55982911193,-1.110822298759002,0.4896693229675293,0.0
2,2,49,-44083.734746085174,-0.9766487875712254,0.4820067882537842,-1.6
2,2,49,-40172.38446700138,-0.931415122939992,0.47733449935913086,-1.4
2,2,49,-35621.42148686539,-0.8780908838474777,0.5036165714263916,-1.2
2,2,49,-30618.04595009372,-0.8138526475890548,0.49007248878479004,-1.0
2,2,49,-25162.783330638573,-0.7397651553162773,0.47711706161499023,-0.8
2,2,49,-19802.486114727217,-0.6686369007357181,0.4958035945892334,-0.6
2,2,49,-14848.056791787021,-0.5923208080748681,0.4886019229888916,-0.4
2,2,49,-13627.712365679414,-0.5820810257136941,0.47565364837646484,-0.2
2,2,49,-25958.84336318764,-0.7486945959799061,0.46971750259399414,0.0
2,2,225,-16390.71901668924,-0.6119642704411771,0.49994444847106934,-1.6
2,2,225,-14115.51947505559,-0.5743573628175147,0.5068237781524658,-1.4
2,2,225,-11950.912710278768,-0.538383930007911,0.4971001148223877,-1.2
2,2,225,-9979.883906000206,-0.5051715419878104,0.507969856262207,-1.0
2,2,225,-8128.453808363018,-0.46370781346478834,0.5172028541564941,-0.8
2,2,225,-6350.9853316304,-0.4057717489690945,0.49787282943725586,-0.6
2,2,225,-5295.40417768035,-0.3648784764908972,0.49421215057373047,-0.4
2,2,225,-7124.438013147948,-0.3729342254372363,0.48702383041381836,-0.2
2,2,225,-20985.997358732835,-0.624471513129691,0.49454331398010254,0.0
2,2,441,-9959.352434281202,-0.5032557578911007,0.5471775531768799,-1.6
2,2,441,-8620.890761615592,-0.47409478732531163,0.5502834320068359,-1.4
2,2,441,-7291.333338195072,-0.43460660690477937,0.544121265411377,-1.2
2,2,441,-6083.351252823821,-0.3941479594346423,0.5338611602783203,-1.0
2,2,441,-5185.567080304754,-0.3655332845055184,0.543419599533081,-0.8
2,2,441,-4494.258330777389,-0.34067921970380255,0.5373892784118652,-0.6
2,2,441,-4104.205322073365,-0.31509679867503143,0.5527505874633789,-0.4
2,2,441,-6418.874349502294,-0.3517339373861957,0.5408425331115723,-0.2
2,2,441,-20276.73699502431,-0.6041285324379357,0.5455737113952637,0.0
2,2,729,-6849.671559151488,-0.41910827296903547,0.6455752849578857,-1.6
2,2,729,-5958.168047819694,-0.3889010796220911,0.6292552947998047,-1.4
2,2,729,-5265.02689361036,-0.36728671847426914,0.6342086791992188,-1.2
2,2,729,-4710.263271937765,-0.34965443313116484,0.6413757801055908,-1.0
2,2,729,-4167.225593044779,-0.32608518147580257,0.6448307037353516,-0.8
2,2,729,-3750.394081313585,-0.3104152689040977,0.6331675052642822,-0.6
2,2,729,-3671.874413794896,-0.3038704228176398,0.6382951736450195,-0.4
2,2,729,-6180.908607567209,-0.3465092618844751,0.6333215236663818,-0.2
2,2,729,-20101.1922164785,-0.5993561779142902,0.6418154239654541,0.0
2,2,1225,-5035.574547900353,-0.36025981329537093,0.9044547080993652,-1.6
2,2,1225,-4611.67026353439,-0.34517877519654633,0.9117045402526855,-1.4
2,2,1225,-4191.788124730076,-0.326831949650521,0.9199748039245605,-1.2
2,2,1225,-3844.500529685589,-0.31294760797832133,0.8931877613067627,-1.0
2,2,1225,-3587.3119522350826,-0.3096359863843621,0.9124596118927002,-0.8
2,2,1225,-3359.77855037689,-0.3009568698737398,0.903376579284668,-0.6
2,2,1225,-3461.761247055503,-0.30092900776214926,0.904116153717041,-0.4
2,2,1225,-6077.263972333938,-0.34298406547926674,0.9182722568511963,-0.2
2,2,1225,-19990.428938673605,-0.5978555964367094,0.9114701747894287,0.0
2,2,2025,-4065.883070306554,-0.3214038534038164,1.7593514919281006,-1.6
2,2,2025,-3808.601328989236,-0.3117974757142461,1.7291362285614014,-1.4
2,2,2025,-3609.4155334493553,-0.3097621669931806,1.7266364097595215,-1.2
2,2,2025,-3421.764209874891,-0.30253158633134775,1.7356722354888916,-1.0
2,2,2025,-3281.737448058964,-0.3017085779821063,1.7489652633666992,-0.8
2,2,2025,-3210.6082274658547,-0.29860137366419826,1.7532808780670166,-0.6
2,2,2025,-3379.1945067571432,-0.29685431393186273,1.7683420181274414,-0.4
2,2,2025,-6028.287317262562,-0.3438655396126927,1.7468278408050537,-0.2
2,2,2025,-19932.873509414174,-0.5962816399979968,1.7328064441680908,0.0
2,3,9,-65650.25079967032,-1.1371936323085197,0.4852449893951416,-1.6
2,3,9,-64190.359994868144,-1.1284567028345427,0.4794023036956787,-1.4
2,3,9,-62449.22334911262,-1.1174152224108485,0.4841287136077881,-1.2
2,3,9,-60261.03871484444,-1.1012602687370592,0.48684167861938477,-1.0
2,3,9,-57413.49405710802,-1.0786409336477334,0.48326992988586426,-0.8
2,3,9,-53844.71165455662,-1.0521912708763168,0.49313879013061523,-0.6
2,3,9,-49681.984618764305,-1.023310135871418,0.4892997741699219,-0.4
2,3,9,-46462.878182015345,-1.0070403231121396,0.48859119415283203,-0.2
2,3,9,-51689.87431953746,-1.085497369650342,0.4732680320739746,0.0
2,3,49,-43698.99905507064,-0.9461406413551438,0.48932623863220215,-1.6
2,3,49,-40068.864256690154,-0.9123910646369218,0.48183655738830566,-1.4
2,3,49,-36133.47159653292,-0.8768597675294877,0.4835779666900635,-1.2
2,3,49,-31902.87689412418,-0.8348218415090287,0.48612070083618164,-1.0
2,3,49,-27058.373319915176,-0.7773569353473528,0.48319196701049805,-0.8
2,3,49,-21331.619373893765,-0.6913874072732321,0.47298550605773926,-0.6
2,3,49,-15045.963067457073,-0.567769832716641,0.48584556579589844,-0.4
2,3,49,-13345.519385821288,-0.5328817579973912,0.4904520511627197,-0.2
2,3,49,-26633.433133876566,-0.713800090153513,0.4713613986968994,0.0
2,3,225,-16480.166518432823,-0.5860147678408251,0.4880061149597168,-1.6
2,3,225,-13963.264405118425,-0.5410062627273536,0.505681037902832,-1.4
2,3,225,-11708.359644838645,-0.49724667233221614,0.4891364574432373,-1.2
2,3,225,-9691.131521445619,-0.45618726077904037,0.48428940773010254,-1.0
2,3,225,-7843.714295663129,-0.41442253619729535,0.496110200881958,-0.8
2,3,225,-6253.526073893932,-0.381604798734164,0.5040771961212158,-0.6
2,3,225,-5270.085115796544,-0.35405417222411106,0.5110490322113037,-0.4
2,3,225,-7041.926049720452,-0.36523664990337557,0.4980189800262451,-0.2
2,3,225,-21469.93334472141,-0.6050790911732726,0.5069804191589355,0.0
2,3,441,-9671.643774343705,-0.4546983880647776,0.5467383861541748,-1.6
2,3,441,-8330.367311258706,-0.42431503207976756,0.5371112823486328,-1.4
2,3,441,-7087.719390328275,-0.39685011085947836,0.5465118885040283,-1.2
2,3,441,-6035.49474259049,-0.37687933617840996,0.5433688163757324,-1.0
2,3,441,-5179.5035389685145,-0.35503212277455876,0.5711948871612549,-0.8
2,3,441,-4440.457762447884,-0.3316350464196467,0.5582163333892822,-0.6
2,3,441,-4134.940077558291,-0.3108583930144104,0.5439531803131104,-0.4
2,3,441,-6409.579048943546,-0.34238079675086946,0.5369913578033447,-0.2
2,3,441,-20773.35578348422,-0.5912857661964176,0.5434889793395996,0.0
2,3,729,-6704.973227195842,-0.3890121804549331,0.6493735313415527,-1.6
2,3,729,-5930.100819829779,-0.37440360269569717,0.6352975368499756,-1.4
2,3,729,-5263.967295038201,-0.35707804956572287,0.6413471698760986,-1.2
2,3,729,-4649.031417981503,-0.33795121597275407,0.6527323722839355,-1.0
2,3,729,-4161.386844370085,-0.3210594905246077,0.6396274566650391,-0.8
2,3,729,-3809.585466061493,-0.30502577962959365,0.6338293552398682,-0.6
2,3,729,-3748.1166266569053,-0.2997226118245728,0.6354241371154785,-0.4
2,3,729,-6207.348003495419,-0.3391785025464299,0.644381046295166,-0.2
2,3,729,-20503.24634095167,-0.5869248433410669,0.6435215473175049,0.0
2,3,1225,-5004.799221656547,-0.34842847748602185,0.9065151214599609,-1.6
2,3,1225,-4552.592431726749,-0.3346633765708397,0.916691780090332,-1.4
2,3,1225,-4183.188850793762,-0.3216872914765478,0.9111518859863281,-1.2
2,3,1225,-3888.675609791033,-0.3087719009892763,0.9126989841461182,-1.0
2,3,1225,-3638.9449496629313,-0.2995666412897522,0.9102256298065186,-0.8
2,3,1225,-3477.0695612121563,-0.2978276766199828,0.9171171188354492,-0.6
2,3,1225,-3566.722971115916,-0.29842003366285336,0.9252438545227051,-0.4
2,3,1225,-6103.997437647413,-0.33285913464476685,0.9257326126098633,-0.2
2,3,1225,-20359.3843764278,-0.5849241303125491,0.9038083553314209,0.0
2,3,2025,-4075.960948379965,-0.3169191619274619,1.730536937713623,-1.6
2,3,2025,-3859.2955223311365,-0.3073664218666308,1.736449956893921,-1.4
2,3,2025,-3664.0895117443215,-0.30010476231824423,1.739046335220337,-1.2
2,3,2025,-3510.3049287098183,-0.2988204526060759,1.7417774200439453,-1.0
2,3,2025,-3399.884894812807,-0.2972109886057457,1.7607753276824951,-0.8
2,3,2025,-3321.4289897343624,-0.29673916882037127,1.7453458309173584,-0.6
2,3,2025,-3484.9663841502042,-0.2914898481138292,1.7608897686004639,-0.4
2,3,2025,-6056.016811810827,-0.33125150494731553,1.7522518634796143,-0.2
2,3,2025,-20291.324048748727,-0.582814885958861,1.7354907989501953,0.0
2,4,9,-72460.56085515875,-1.207804550053815,0.4868004322052002,-1.6
2,4,9,-71238.02959080617,-1.2020644358942614,0.47603344917297363,-1.4
2,4,9,-69682.62725864342,-1.194375790259955,0.47530531883239746,-1.2
2,4,9,-67591.65348404952,-1.1834687653931701,0.48480701446533203,-1.0
2,4,9,-64730.49875439185,-1.16894491263741,0.4760615825653076,-0.8
2,4,9,-60984.53399324165,-1.1514104842911332,0.4940319061279297,-0.6
2,4,9,-56376.83933794778,-1.129996142940298,0.48876357078552246,-0.4
2,4,9,-52005.987246543475,-1.1107587245719541,0.48595190048217773,-0.2
2,4,9,-52505.09865933064,-1.1200919955786692,0.4980506896972656,0.0
2,4,49,-45651.81148864135,-0.9722511096618414,0.48639798164367676,-1.6
2,4,49,-41311.134602726495,-0.9332925121635969,0.49562788009643555,-1.4
2,4,49,-36850.00415685843,-0.8911849455290395,0.4865257740020752,-1.2
2,4,49,-31990.714335833793,-0.835344457628361,0.47705817222595215,-1.0
2,4,49,-26591.36835638094,-0.7688674818713738,0.48467397689819336,-0.8
2,4,49,-21164.97318250592,-0.6988593597644857,0.4687187671661377,-0.6
2,4,49,-15795.525707039436,-0.6105497934018437,0.48342084884643555,-0.4
2,4,49,-14021.721789693322,-0.5686085065338953,0.4865398406982422,-0.2
2,4,49,-25825.83727992504,-0.714374234482273,0.5049264430999756,0.0
2,4,225,-17265.68249200874,-0.6242983285267536,0.5029568672180176,-1.6
2,4,225,-14735.102993896697,-0.5779577261383065,0.500601053237915,-1.4
2,4,225,-12273.313130805407,-0.5307713025377863,0.5063076019287109,-1.2
2,4,225,-10025.831162386552,-0.48553278502324904,0.5054712295532227,-1.0
2,4,225,-8031.563304480893,-0.4419878590094951,0.48708581924438477,-0.8
2,4,225,-6424.3267959147925,-0.41204680262656346,0.5048761367797852,-0.6
2,4,225,-5490.695809783356,-0.3900270994438323,0.502941370010376,-0.4
2,4,225,-7201.694334118722,-0.4006266675273212,0.4908297061920166,-0.2
2,4,225,-21185.286586610964,-0.6167639828222117,0.501375675201416,0.0
2,4,441,-9994.254342096006,-0.4835792220733181,0.5380151271820068,-1.6
2,4,441,-8541.13921301705,-0.45163921416642894,0.5460238456726074,-1.4
2,4,441,-7252.678458285212,-0.4245225415462138,0.5528993606567383,-1.2
2,4,441,-6216.16791179913,-0.4084055578088649,0.552757978439331,-1.0
2,4,441,-5391.0246721643125,-0.3909912776951911,0.5508589744567871,-0.8
2,4,441,-4598.7476070191115,-0.367845699531426,0.5517432689666748,-0.6
2,4,441,-4152.3944349911835,-0.3492787703543602,0.5476047992706299,-0.4
2,4,441,-6428.582321800539,-0.3625579835105511,0.5475630760192871,-0.2
2,4,441,-20561.634957121234,-0.5935156952192014,0.5506007671356201,0.0
2,4,729,-6868.540817441426,-0.4174381042971547,0.6317875385284424,-1.6
2,4,729,-6116.3096422562085,-0.40652465949103045,0.6417453289031982,-1.4
2,4,729,-5473.646042481596,-0.39261313308356943,0.6373534202575684,-1.2
2,4,729,-4838.408032763975,-0.3744336519209056,0.6422159671783447,-1.0
2,4,729,-4258.850998860566,-0.3593223953058525,0.6465058326721191,-0.8
2,4,729,-3790.665854539555,-0.3416529866551595,0.6417462825775146,-0.6
2,4,729,-3712.5490575382573,-0.3206141074503178,0.6398546695709229,-0.4
2,4,729,-6211.238794935969,-0.34810078107445713,0.6378176212310791,-0.2
2,4,729,-20338.155607840556,-0.5890051810085963,0.6504077911376953,0.0
2,4,1225,-5214.067960975277,-0.3848568560135457,0.9233832359313965,-1.6
2,4,1225,-4726.952272523704,-0.37084288305487084,0.9071745872497559,-1.4
2,4,1225,-4284.179536123593,-0.35966761362257305,0.919501543045044,-1.2
2,4,1225,-3894.306221132887,-0.3466656530464334,0.8982875347137451,-1.0
2,4,1225,-3614.4031620721507,-0.3310713986426016,0.9075379371643066,-0.8
2,4,1225,-3421.2983276189916,-0.3136584553435932,0.9051556587219238,-0.6
2,4,1225,-3518.6189775149687,-0.30600941129509085,0.9048893451690674,-0.4
2,4,1225,-6099.291868763765,-0.3438009433305802,0.9308552742004395,-0.2
2,4,1225,-20239.205449010726,-0.5870939563348623,0.9021327495574951,0.0
2,4,2025,-4146.282740165843,-0.35553453455281747,1.7300617694854736,-1.6
2,4,2025,-3854.4785829027896,-0.34467701198837175,1.7491252422332764,-1.4
2,4,2025,-3638.157275161917,-0.33269282129284417,1.7405943870544434,-1.2
2,4,2025,-3468.0334987894676,-0.3190406365805875,1.7626760005950928,-1.0
2,4,2025,-3341.984270103727,-0.30732774747277053,1.7286467552185059,-0.8
2,4,2025,-3266.397464360358,-0.30356703035075694,1.7365357875823975,-0.6
2,4,2025,-3429.299453216845,-0.30185587463732444,1.736384630203247,-0.4
2,4,2025,-6046.88976928511,-0.3425977307626091,1.776097059249878,-0.2
2,4,2025,-20183.96269262975,-0.5855568745293099,1.7155017852783203,0.0
3,0,27,-77138.2519823956,-1.2314747935004617,0.7069528102874756,-1.6
3,0,27,-76065.43125880946,-1.2234587549413583,0.7116782665252686,-1.4
3,0,27,-74729.6603542916,-1.2149856471059488,0.713937520980835,-1.2
3,0,27,-73103.64953170078,-1.2060327728234665,0.7067017555236816,-1.0
3,0,27,-70936.33151297,-1.1940753738689556,0.6970765590667725,-0.8
3,0,27,-67734.17852556122,-1.1762281633089424,0.7077181339263916,-0.6
3,0,27,-63424.72231764364,-1.1537956521877828,0.7079432010650635,-0.4
3,0,27,-59190.830727238856,-1.130869894001457,0.7057983875274658,-0.2
3,0,27,-60351.62449507204,-1.1444811020884877,0.7004859447479248,0.0
3,0,125,-68391.80872193363,-1.162741252715107,0.7088143825531006,-1.6
3,0,125,-65661.8526491266,-1.1429844440428576,0.7136077880859375,-1.4
3,0,125,-62372.21060053125,-1.1198890602561928,0.7082738876342773,-1.2
3,0,125,-58169.750057532096,-1.0871124017182616,0.7064359188079834,-1.0
3,0,125,-52537.426548231415,-1.0391443647410687,0.722048282623291,-0.8
3,0,125,-44972.147599791286,-0.9738942365271505,0.7111728191375732,-0.6
3,0,125,-36343.04064704458,-0.8972216319658227,0.7057554721832275,-0.4
3,0,125,-31749.46724529588,-0.8511981816077612,0.7184550762176514,-0.2
3,0,125,-41882.50746723823,-0.9419051269718755,0.7178483009338379,0.0
3,0,343,-57539.49824016117,-1.0781001204081682,0.7511656284332275,-1.6
3,0,343,-53494.3053464191,-1.0431854522500865,0.7406895160675049,-1.4
3,0,343,-48544.138024034335,-1.000198223707462,0.7471349239349365,-1.2
3,0,343,-42729.755647733895,-0.9489815593957469,0.7490510940551758,-1.0
3,0,343,-36179.73741678329,-0.8828973337170637,0.7504050731658936,-0.8
3,0,343,-29101.692897765384,-0.8019918050849039,0.743748664855957,-0.6
3,0,343,-21765.893192528092,-0.6949033219136954,0.7400350570678711,-0.4
3,0,343,-19085.75247025025,-0.6289161298422606,0.7492640018463135,-0.2
3,0,343,-34514.31030729652,-0.8192902549584528,0.7507824897766113,0.0
3,0,729,-46427.230913758016,-0.9807245109079834,0.855017900466919,-1.6
3,0,729,-41763.77681071812,-0.9377546977842575,0.8621718883514404,-1.4
3,0,729,-36643.223655012145,-0.884729538324971,0.8706469535827637,-1.2
3,0,729,-31162.092404356157,-0.8216250017848314,0.8667597770690918,-1.0
3,0,729,-25329.5231291256,-0.7419035689328441,0.8702466487884521,-0.8
3,0,729,-19464.017019261984,-0.6474910788642021,0.8931715488433838,-0.6
3,0,729,-14577.683253743773,-0.5538692500367968,0.8624193668365479,-0.4
3,0,729,-14141.249870759835,-0.5204763838773152,0.8707621097564697,-0.2
3,0,729,-31542.93182463236,-0.7763204293990712,0.8616182804107666,0.0
3,0,1331,-37001.322622835156,-0.887409468886239,1.212198257446289,-1.6
3,0,1331,-32563.211581854215,-0.8370213851904612,1.2173564434051514,-1.4
3,0,1331,-27880.633191966597,-0.7766527340971529,1.212080478668213,-1.2
3,0,1331,-23008.310815211953,-0.703813341077285,1.212512731552124,-1.0
3,0,1331,-18328.853999478524,-0.6259004845628126,1.227646827697754,-0.8
3,0,1331,-14161.675659752342,-0.5436933924868174,1.2125964164733887,-0.6
3,0,1331,-10815.11951681583,-0.46478371832354837,1.2041220664978027,-0.4
3,0,1331,-11841.244775996325,-0.46861182933568246,1.217956781387329,-0.2
3,0,1331,-30298.579414399333,-0.7635357117952553,1.2248308658599854,0.0
3,0,2197,-29639.881004373972,-0.7993928575804193,2.2589123249053955,-1.6
3,0,2197,-25566.34137142147,-0.7420379669745416,2.2409398555755615,-1.4
3,0,2197,-21471.33395207639,-0.6782510464231907,2.2663612365722656,-1.2
3,0,2197,-17621.621151110332,-0.6119533939198402,2.230741024017334,-1.0
3,0,2197,-14105.060147975426,-0.5413872277610335,2.2643725872039795,-0.8
3,0,2197,-10910.35537614864,-0.46855960337777286,2.271043300628662,-0.6
3,0,2197,-8616.476129109506,-0.4140415187602102,2.2458600997924805,-0.4
3,0,2197,-10717.022011394642,-0.44616808369827593,2.2429959774017334,-0.2
3,0,2197,-29560.35641286605,-0.7456388067493344,2.2778327465057373,0.0
3,1,27,-89165.77407389706,-1.3167407477413398,0.7027542591094971,-1.6
3,1,27,-86821.36833866604,-1.295345188135254,0.7153060436248779,-1.4
3,1,27,-83967.31606964159,-1.2750651241176243,0.7167658805847168,-1.2
3,1,27,-80929.89289169073,-1.2587504806817034,0.7288532257080078,-1.0
3,1,27,-77763.7853627866,-1.242979474274284,0.7407529354095459,-0.8
3,1,27,-74056.12614484396,-1.2242084006223395,0.712425947189331,-0.6
3,1,27,-69696.14311547135,-1.206183670257558,0.7130734920501709,-0.4
3,1,27,-65926.54347550358,-1.1937371520272655,0.729778528213501,-0.2
3,1,27,-67679.26782092336,-1.210780327282716,0.7123734951019287,0.0
3,1,125,-74265.52945413381,-1.2086200773573978,0.7394514083862305,-1.6
3,1,125,-71109.36036540427,-1.188267012692278,0.731757640838623,-1.4
3,1,125,-67185.45820755184,-1.1612409672663337,0.7157728672027588,-1.2
3,1,125,-61963.31344828465,-1.118616138342939,0.7224879264831543,-1.0
3,1,125,-54854.59097510725,-1.0534941299818688,0.7152061462402344,-0.8
3,1,125,-45776.792683969536,-0.9712862543948855,0.7088358402252197,-0.6
3,1,125,-36481.70040064944,-0.8909078961385709,0.723106861114502,-0.4
3,1,125,-31718.33987880642,-0.8442560631612137,0.6933684349060059,-0.2
3,1,125,-43845.93072768785,-0.9649760868400811,0.7114779949188232,0.0
3,1,343,-60235.551698878335,-1.0914996882990264,0.7257215976715088,-1.6
3,1,343,-54997.65683502404,-1.0451011982190208,0.7484354972839355,-1.4
3,1,343,-49146.852187618206,-0.9962719424472002,0.754673957824707,-1.2
3,1,343,-42890.53338156913,-0.9431946761038764,0.7385690212249756,-1.0
3,1,343,-36207.47392267907,-0.877907089964672,0.7542469501495361,-0.8
3,1,343,-29004.360921600834,-0.7953176964187565,0.7394230365753174,-0.6
3,1,343,-22027.401610550813,-0.7042638429898953,0.7447476387023926,-0.4
3,1,343,-19809.20368512335,-0.6694692330277581,0.7509574890136719,-0.2
3,1,343,-35462.12910052411,-0.8509152527923409,0.7472574710845947,0.0
3,1,729,-46725.43948248883,-0.9753385784632638,0.8528854846954346,-1.6
3,1,729,-41862.35655579562,-0.9323691342331346,0.8710670471191406,-1.4
3,1,729,-36678.55889668294,-0.8804680443872098,0.8610038757324219,-1.2
3,1,729,-31153.453563854808,-0.8178405701919208,0.8594956398010254,-1.0
3,1,729,-25491.010610609235,-0.7456474522447266,0.8643805980682373,-0.8
3,1,729,-19975.428047302667,-0.6663144948726502,0.8609304428100586,-0.6
3,1,729,-14842.845659425955,-0.5827855441592448,0.8482434749603271,-0.4
3,1,729,-14142.700102372582,-0.5494808713171899,0.8527376651763916,-0.2
3,1,729,-32058.32978648503,-0.794521548276259,0.874152421951294,0.0
3,1,1331,-37041.845264773176,-0.8834255271477038,1.227834701538086,-1.6
3,1,1331,-32577.484262161837,-0.8336595086269731,1.2218248844146729,-1.4
3,1,1331,-27961.053089923196,-0.7768637923135024,1.2282521724700928,-1.2
3,1,1331,-23351.94684083172,-0.7139792409556956,1.2396962642669678,-1.0
3,1,1331,-18784.789193765988,-0.6443553580826569,1.237807273864746,-0.8
3,1,1331,-14330.168668535174,-0.5719176207782969,1.232269048690796,-0.6
3,1,1331,-10870.580399349834,-0.5021666234076064,1.2224559783935547,-0.4
3,1,1331,-11911.12605315286,-0.5035565553312695,1.2200682163238525,-0.2
3,1,1331,-30594.086487737335,-0.7705929644130783,1.216935157775879,0.0
3,1,2197,-29691.17986442915,-0.7981326446882548,2.2169487476348877,-1.6
3,1,2197,-25779.520737243794,-0.7470994878528916,2.2474753856658936,-1.4
3,1,2197,-21896.674020418293,-0.6916007910439812,2.252931833267212,-1.2
3,1,2197,-18023.529149114634,-0.6306361002421719,2.2820968627929688,-1.0
3,1,2197,-14256.02582343961,-0.5694255698361389,2.2984111309051514,-0.8
3,1,2197,-10968.76325247022,-0.5061509810856751,2.2644829750061035,-0.6
3,1,2197,-8731.080800331089,-0.4583857556355559,2.2846641540527344,-0.4
3,1,2197,-10674.568237015039,-0.46885982145283195,2.2202653884887695,-0.2
3,1,2197,-29878.133402454652,-0.7585763732566291,2.2776646614074707,0.0
3,2,27,-88095.56178705972,-1.3296948396299895,0.7167818546295166,-1.6
3,2,27,-85823.02420685397,-1.3099061426685368,0.6933395862579346,-1.4
3,2,27,-83109.83567849251,-1.2898743078403436,0.6922621726989746,-1.2
3,2,27,-80108.44285198125,-1.2721718037075367,0.7025575637817383,-1.0
3,2,27,-76834.16654085834,-1.2549165580870363,0.7131471633911133,-0.8
3,2,27,-72935.78320922462,-1.2339840291187223,0.703289270401001,-0.6
3,2,27,-68327.3060712151,-1.2119445026496813,0.7009990215301514,-0.4
3,2,27,-64102.58005433568,-1.1900157177204578,0.685692548751831,-0.2
3,2,27,-66989.82193613744,-1.2146250641370835,0.7133927345275879,0.0
3,2,125,-71562.80142252472,-1.1916440357746787,0.7016654014587402,-1.6
3,2,125,-68086.70983556418,-1.1680696297083595,0.7121634483337402,-1.4
3,2,125,-64086.37472886818,-1.1412934449387309,0.7233865261077881,-1.2
3,2,125,-59168.19674364342,-1.1072083314232604,0.7146439552307129,-1.0
3,2,125,-53126.11997815154,-1.0622620704263022,0.7144737243652344,-0.8
3,2,125,-45590.219533735966,-0.9974338890198301,0.7200577259063721,-0.6
3,2,125,-37449.03182452377,-0.9280284621576945,0.7141649723052979,-0.4
3,2,125,-33518.960961734236,-0.898752822758365,0.720365047454834,-0.2
3,2,125,-46917.457977041246,-1.008363896899586,0.7422795295715332,0.0
3,2,343,-58325.61640066716,-1.0952581055822024,0.753666877746582,-1.6
3,2,343,-53955.349537474,-1.061114552298835,0.7672889232635498,-1.4
3,2,343,-48984.410393828395,-1.0199501320407105,0.7426719665527344,-1.2
3,2,343,-43401.47074545306,-0.969951946970804,0.756023645401001,-1.0
3,2,343,-37086.756612590776,-0.9051431367177161,0.7342116832733154,-0.8
3,2,343,-29855.759278459296,-0.8224442016334551,0.7481527328491211,-0.6
3,2,343,-22488.294612314327,-0.7325165707824892,0.7569169998168945,-0.4
3,2,343,-19825.43366022264,-0.6916772042703794,0.7753629684448242,-0.2
3,2,343,-37449.14973364468,-0.8849585135518125,0.7420074939727783,0.0
3,2,729,-46935.5092599466,-1.0004550188514005,0.8677775859832764,-1.6
3,2,729,-42479.52540643546,-0.9585526085267622,0.8528780937194824,-1.4
3,2,729,-37503.45469735422,-0.9059437963280609,0.8526573181152344,-1.2
3,2,729,-31963.139706011174,-0.8429000629770845,0.8683412075042725,-1.0
3,2,729,-26110.062093231012,-0.7729636472885322,0.8684496879577637,-0.8
3,2,729,-20291.282630701025,-0.6966673758664514,0.864997386932373,-0.6
3,2,729,-15096.496030022965,-0.6154002837979514,0.8640177249908447,-0.4
3,2,729,-14395.49747217592,-0.5727322172521517,0.8699502944946289,-0.2
3,2,729,-33896.99312336118,-0.8254584681846645,0.8646590709686279,0.0
3,2,1331,-37843.8699681891,-0.9082759652263476,1.2065660953521729,-1.6
3,2,1331,-33378.4082896603,-0.8578660465792238,1.2415101528167725,-1.4
3,2,1331,-28655.275754761125,-0.8027003164073155,1.2155225276947021,-1.2
3,2,1331,-23827.341448143707,-0.7415068496762227,1.2110865116119385,-1.0
3,2,1331,-19068.958578402846,-0.6756659944223424,1.2249994277954102,-0.8
3,2,1331,-14611.648172605725,-0.6034452752663763,1.2109551429748535,-0.6
3,2,1331,-11114.716877959021,-0.5298320197644346,1.216418981552124,-0.4
3,2,1331,-11937.29658445804,-0.5087718177825569,1.2238564491271973,-0.2
3,2,1331,-32198.240433088584,-0.7912997474025965,1.2200286388397217,0.0
3,2,2197,-30420.762095927374,-0.8229403783792529,2.249018430709839,-1.6
3,2,2197,-26365.19076481925,-0.7735136304980608,2.2463696002960205,-1.4
3,2,2197,-22287.774078633483,-0.7197490090659161,2.2206192016601562,-1.2
3,2,2197,-18297.978453675183,-0.6622933178941499,2.260758399963379,-1.0
3,2,2197,-14541.1491706327,-0.6004784376983499,2.2661728858947754,-0.8
3,2,2197,-11221.202364473866,-0.5338150290895106,2.2973575592041016,-0.6
3,2,2197,-8774.785822775222,-0.47084735552785945,2.3075826168060303,-0.4
3,2,2197,-10744.718722001991,-0.47719260472820135,2.309081554412842,-0.2
3,2,2197,-31215.11130814897,-0.7736364408498454,2.279660701751709,0.0
3,3,27,-85704.24866163802,-1.274729691966143,0.7319638729095459,-1.6
3,3,27,-83019.21677925262,-1.2504991960426086,0.724635124206543,-1.4
3,3,27,-79706.01090030362,-1.2284391686145368,0.722785472869873,-1.2
3,3,27,-76160.92564270894,-1.2106936709819451,0.7283313274383545,-1.0
3,3,27,-72132.23387482003,-1.1890454014497405,0.7214107513427734,-0.8
3,3,27,-67079.68834970066,-1.163558619974403,0.7108333110809326,-0.6
3,3,27,-61917.48036246468,-1.141718313812292,0.7109789848327637,-0.4
3,3,27,-57801.8295502323,-1.1235692113010927,0.7231259346008301,-0.2
3,3,27,-60220.20271936259,-1.147853092762215,0.718336820602417,0.0
3,3,125,-67730.25345399741,-1.1458127297600467,0.7307312488555908,-1.6
3,3,125,-64267.9386512995,-1.126146750317532,0.698051929473877,-1.4
3,3,125,-60577.145455109094,-1.1046911890401412,0.7029621601104736,-1.2
3,3,125,-56349.89885924047,-1.077248564591927,0.7213940620422363,-1.0
3,3,125,-51094.54624370245,-1.0365345767192429,0.7062764167785645,-0.8
3,3,125,-44018.139675684826,-0.9714129410714676,0.7211964130401611,-0.6
3,3,125,-35780.26347764373,-0.8953772923372132,0.7002208232879639,-0.4
3,3,125,-31365.582550241692,-0.8502012567106387,0.6989543437957764,-0.2
3,3,125,-41005.34440238439,-0.9399820840393813,0.7124319076538086,0.0
3,3,343,-55781.228873681815,-1.0696634450948828,0.7612442970275879,-1.6
3,3,343,-51946.25049235172,-1.0378999107757423,0.7383489608764648,-1.4
3,3,343,-47248.70411729789,-0.9947298552350481,0.7498383522033691,-1.2
3,3,343,-41672.14991906751,-0.9407489761095046,0.7388052940368652,-1.0
3,3,343,-35182.10983445536,-0.8713681572328675,0.7304940223693848,-0.8
3,3,343,-28050.934060963096,-0.7878731930930077,0.7467615604400635,-0.6
3,3,343,-21076.79095571181,-0.6889715618171374,0.750730037689209,-0.4
3,3,343,-18848.618672789446,-0.637860015046494,0.7331628799438477,-0.2
3,3,343,-34185.4970274362,-0.8279020571317179,0.7710795402526855,0.0
3,3,729,-45195.99117533068,-0.9734779260017271,0.8765454292297363,-1.6
3,3,729,-40683.25365517028,-0.9281825594550935,0.8522119522094727,-1.4
3,3,729,-35596.50968572986,-0.8730779437446547,0.8603971004486084,-1.2
3,3,729,-30130.91482064111,-0.8097452152289069,0.8771886825561523,-1.0
3,3,729,-24545.0638607703,-0.7344368499226719,0.8729431629180908,-0.8
3,3,729,-19052.963607492602,-0.6492589556927457,0.8771147727966309,-0.6
3,3,729,-14420.120810745786,-0.5745750287005306,0.8730926513671875,-0.4
3,3,729,-14258.784089059933,-0.5518879906676232,0.8600146770477295,-0.2
3,3,729,-31299.32820213308,-0.7737614716207658,0.8723893165588379,0.0
3,3,1331,-35939.72025404064,-0.875867479196577,1.2236762046813965,-1.6
3,3,1331,-31521.642909001635,-0.8254467098324122,1.2209718227386475,-1.4
3,3,1331,-26989.382711446167,-0.7676642282566377,1.2231717109680176,-1.2
3,3,1331,-22406.070568342475,-0.7001948093352374,1.3487038612365723,-1.0
3,3,1331,-17987.01720520037,-0.6314319106827245,1.2648952007293701,-0.8
3,3,1331,-14024.8003326022,-0.566995183205954,1.2521326541900635,-0.6
3,3,1331,-10978.409501762188,-0.5100209563874517,1.2219657897949219,-0.4
3,3,1331,-12005.131075981124,-0.4977691786405427,1.221914529800415,-0.2
3,3,1331,-29928.533644813815,-0.7519796328297533,1.2245228290557861,0.0
3,3,2197,-28687.012920029418,-0.7895902541133548,2.2690231800079346,-1.6
3,3,2197,-24825.24080535301,-0.7358688189853683,2.289546489715576,-1.4
3,3,2197,-20975.100885495092,-0.6772449728927509,2.2548305988311768,-1.2
3,3,2197,-17320.423092574347,-0.6202241663466103,2.251063108444214,-1.0
3,3,2197,-13979.42103215606,-0.5654291058485071,2.2843856811523438,-0.8
3,3,2197,-11042.599128658396,-0.5131631412835691,2.318962574005127,-0.6
3,3,2197,-8851.857281172299,-0.46215376926626694,2.256802558898926,-0.4
3,3,2197,-10728.975850981544,-0.46618015338253055,2.2752773761749268,-0.2
3,3,2197,-29176.099271828996,-0.7400339076397767,2.245673894882202,0.0
3,4,27,-87476.27880397455,-1.3740463031929953,0.7008051872253418,-1.6
3,4,27,-85310.61633055955,-1.3555853387150663,0.7089986801147461,-1.4
3,4,27,-82709.79784326527,-1.3348111361838464,0.7003004550933838,-1.2
3,4,27,-79586.67987988055,-1.3137981395419112,0.7126193046569824,-1.0
3,4,27,-75961.74463702069,-1.294536544203023,0.6978425979614258,-0.8
3,4,27,-71650.09017663523,-1.2731706901267854,0.6980750560760498,-0.6
3,4,27,-66322.05667060563,-1.2454936815258342,0.7051842212677002,-0.4
3,4,27,-60785.04285868093,-1.2084715586305168,0.7118194103240967,-0.2
3,4,27,-64047.050836985654,-1.2412152121681193,0.7275919914245605,0.0
3,4,125,-71677.82839152771,-1.2363754262416287,0.7095491886138916,-1.6
3,4,125,-68118.47038537682,-1.209669389419885,0.7138831615447998,-1.4
3,4,125,-64169.66820512549,-1.1839140333383984,0.7046265602111816,-1.2
3,4,125,-59513.91417724469,-1.1522504950818948,0.708925724029541,-1.0
3,4,125,-53426.070079478566,-1.1026718595209481,0.7091915607452393,-0.8
3,4,125,-45560.66526003757,-1.0348149647614957,0.7195930480957031,-0.6
3,4,125,-37095.598710929786,-0.9603621926923864,0.7059085369110107,-0.4
3,4,125,-32327.239223650544,-0.908790871977324,0.722790002822876,-0.2
3,4,125,-43811.14050280609,-0.9988427349796642,0.705833911895752,0.0
3,4,343,-58681.576856440595,-1.1383779987340876,0.7483961582183838,-1.6
3,4,343,-54278.58387804211,-1.1002414985705768,0.749826192855835,-1.4
3,4,343,-49084.8159870863,-1.0549022912054293,0.736746072769165,-1.2
3,4,343,-43301.13892163888,-1.0021503508103065,0.7654054164886475,-1.0
3,4,343,-36777.744046211556,-0.9306880428513515,0.758307695388794,-0.8
3,4,343,-29538.302097003805,-0.8426903746273924,0.7451057434082031,-0.6
3,4,343,-22368.94586226548,-0.7499214655350518,0.751054048538208,-0.4
3,4,343,-19647.271614717414,-0.7030007110095322,0.7503774166107178,-0.2
3,4,343,-36401.68482953858,-0.8818136048680418,0.7405917644500732,0.0
3,4,729,-46931.22012641256,-1.0330728447359712,0.8644130229949951,-1.6
3,4,729,-42324.09326863923,-0.988193251045992,0.862739086151123,-1.4
3,4,729,-37208.95687699775,-0.93054240522102,0.8798995018005371,-1.2
3,4,729,-31642.331469248293,-0.8626245944079701,0.8724672794342041,-1.0
3,4,729,-25888.172044400206,-0.7886773267465894,0.8638901710510254,-0.8
3,4,729,-20128.23919838854,-0.7069878765132914,0.8660609722137451,-0.6
3,4,729,-15126.919208192376,-0.6352686745462469,0.8596484661102295,-0.4
3,4,729,-14580.422625522515,-0.6012857233742628,0.8615822792053223,-0.2
3,4,729,-33016.69881145496,-0.8177965456253858,0.8612833023071289,0.0
3,4,1331,-37558.9878531336,-0.9326524800819552,1.2081470489501953,-1.6
3,4,1331,-33060.80042154049,-0.8781690453414142,1.2035770416259766,-1.4
3,4,1331,-28396.106734762576,-0.8195074214377929,1.2165112495422363,-1.2
3,4,1331,-23640.09833249342,-0.7546632234016364,1.217747688293457,-1.0
3,4,1331,-18968.739061266242,-0.6877399208045526,1.2272236347198486,-0.8
3,4,1331,-14695.36162439204,-0.6244214872098763,1.2407262325286865,-0.6
3,4,1331,-11316.498922311162,-0.5559184777476133,1.2252659797668457,-0.4
3,4,1331,-12006.776391925967,-0.5111240184291534,1.225999355316162,-0.2
3,4,1331,-31073.94580569803,-0.7797365649157932,1.2101962566375732,0.0
3,4,2197,-30138.75213265386,-0.8406514260215417,2.2237348556518555,-1.6
3,4,2197,-26146.937175009494,-0.78825755009809,2.2480249404907227,-1.4
3,4,2197,-22123.654769294968,-0.7317430266308621,2.2733612060546875,-1.2
3,4,2197,-18241.69584513342,-0.6759356133646331,2.271130084991455,-1.0
3,4,2197,-14635.507126631594,-0.6216639042072047,2.2875242233276367,-0.8
3,4,2197,-11410.059917679762,-0.5591312114327368,2.255267381668091,-0.6
3,4,2197,-8909.95806834616,-0.47238937185253177,2.268153429031372,-0.4
3,4,2197,-10809.877294975551,-0.4778833535596133,2.2732152938842773,-0.2
3,4,2197,-30346.495077287684,-0.7659348801071362,2.2549686431884766,0.0
4,0,81,-96092.78641372244,-1.3823362892578324,0.938798189163208,-1.6
4,0,81,-94273.93640230254,-1.3644635858827494,0.9508538246154785,-1.4
4,0,81,-91712.87060922294,-1.3391350036925997,0.944058895111084,-1.2
4,0,81,-88359.5610376583,-1.3109859399873283,0.9400331974029541,-1.0
4,0,81,-84591.69534241785,-1.2874003786477153,0.9316680431365967,-0.8
4,0,81,-80581.7153157562,-1.2663376572257363,0.9278898239135742,-0.6
4,0,81,-75708.11264051613,-1.2404393305512171,0.9508552551269531,-0.4
4,0,81,-71059.13868232182,-1.2190463982210213,0.9416623115539551,-0.2
4,0,81,-74916.83169361473,-1.2702187179790092,0.9381356239318848,0.0
4,0,625,-81941.20333830114,-1.2634660809697826,1.0538771152496338,-1.6
4,0,625,-79082.03713761074,-1.2439472390914201,1.0438241958618164,-1.4
4,0,625,-75512.62150613523,-1.2204219731397001,1.051422357559204,-1.2
4,0,625,-71009.85405269566,-1.1912608803537161,1.0566043853759766,-1.0
4,0,625,-65128.85763644306,-1.1494493330603222,1.045112133026123,-0.8
4,0,625,-57190.838242167636,-1.0888099701278307,1.081165075302124,-0.6
4,0,625,-47197.935332982466,-1.011192683472911,1.069584846496582,-0.4
4,0,625,-40826.74135634195,-0.9472949534706786,1.0615625381469727,-0.2
4,0,625,-52733.480061298105,-1.0363560980114395,1.07564377784729,0.0
4,0,2401,-70393.83132711703,-1.1837140792432388,2.854384183883667,-1.6
4,0,2401,-66170.7950797111,-1.1519871913587594,2.9220690727233887,-1.4
4,0,2401,-60940.7278929233,-1.111313271136518,2.939162492752075,-1.2
4,0,2401,-54569.02429365993,-1.0617173294787337,3.02846360206604,-1.0
4,0,2401,-46968.09679345914,-0.9982526725904676,2.983713150024414,-0.8
4,0,2401,-38127.72259181189,-0.9090216320489333,3.0040111541748047,-0.6
4,0,2401,-29039.15012487703,-0.8049611734194139,3.01631760597229,-0.4
4,0,2401,-25943.68840159126,-0.7515275086688716,2.8541977405548096,-0.2
4,0,2401,-45101.84540835247,-0.9496319759611638,2.9111993312835693,0.0
4,0,6561,-58645.74773631369,-1.0920886164328054,23.06231427192688,-1.6
4,0,6561,-53486.23740042103,-1.0512840004069646,22.95362401008606,-1.4
4,0,6561,-47559.287119934714,-1.0004435338668938,22.9184353351593,-1.2
4,0,6561,-40844.29648498136,-0.9339270125727664,23.029630184173584,-1.0
4,0,6561,-33628.420038899174,-0.8544272169653088,22.652190446853638,-0.8
4,0,6561,-26491.25923174082,-0.7681095574324094,22.275936365127563,-0.6
4,0,6561,-20208.22240702968,-0.687530890833475,22.525471210479736,-0.4
4,0,6561,-19607.981627712143,-0.6569391666639772,22.673365354537964,-0.2
4,0,6561,-41822.16510940803,-0.9122523457192344,22.383622884750366,0.0
4,1,81,-96877.64003883614,-1.4169817322489573,0.9425885677337646,-1.6
4,1,81,-95441.55206873427,-1.4023976757838772,0.9319934844970703,-1.4
4,1,81,-93591.58051199869,-1.3857765301981084,0.9507360458374023,-1.2
4,1,81,-91225.22191021114,-1.367838986083549,0.9538698196411133,-1.0
4,1,81,-88223.67203461418,-1.3487516550478076,0.9363927841186523,-0.8
4,1,81,-84349.79523852057,-1.326424920025087,0.9399409294128418,-0.6
4,1,81,-79340.31944409115,-1.3007683413284918,0.9401366710662842,-0.4
4,1,81,-74325.57409798242,-1.2786887705450198,0.9381246566772461,-0.2
4,1,81,-74684.55227098269,-1.2931152831967712,0.9577620029449463,0.0
4,1,625,-85616.84825243588,-1.3211880060962844,1.0703434944152832,-1.6
4,1,625,-82586.30209644875,-1.298724389551873,1.0494332313537598,-1.4
4,1,625,-78726.81917900231,-1.2720592095199754,1.0593578815460205,-1.2
4,1,625,-73851.13287181605,-1.2380559171650056,1.05837082862854,-1.0
4,1,625,-67573.82910007032,-1.1915913310818251,1.0748364925384521,-0.8
4,1,625,-59029.70856740979,-1.1263426807521286,1.054776906967163,-0.6
4,1,625,-48125.85053180228,-1.0483984456433983,1.0790443420410156,-0.4
4,1,625,-41419.800289748135,-0.9887845094139166,1.069322109222412,-0.2
4,1,625,-51515.26741214254,-1.058745985283152,1.050398826599121,0.0
4,1,2401,-73049.97564069563,-1.2268279450902122,2.877995252609253,-1.6
4,1,2401,-68458.41185280445,-1.1900377241746551,2.8543310165405273,-1.4
4,1,2401,-62766.30791604782,-1.144941479414406,2.88435959815979,-1.2
4,1,2401,-55768.333551387426,-1.0928944215638472,2.848841667175293,-1.0
4,1,2401,-47679.235762906406,-1.0333544697183863,2.869731903076172,-0.8
4,1,2401,-38646.06699317234,-0.9515034018952152,2.877650499343872,-0.6
4,1,2401,-29260.052344215343,-0.8516051713329377,2.8748528957366943,-0.4
4,1,2401,-25749.903043913313,-0.7858418440639676,2.885770559310913,-0.2
4,1,2401,-43928.45106379062,-0.9693391686498886,2.8321266174316406,0.0
4,1,6561,-60157.6929768918,-1.1230527207610514,22.428369283676147,-1.6
4,1,6561,-54515.10030807355,-1.0818809839612045,22.46658706665039,-1.4
4,1,6561,-48236.01082763999,-1.034478086578265,22.49562120437622,-1.2
4,1,6561,-41347.3513553683,-0.9730830896429105,22.763460636138916,-1.0
4,1,6561,-33964.33170234496,-0.8974664437256138,22.74222707748413,-0.8
4,1,6561,-26522.13041037524,-0.8101355714910939,22.863712549209595,-0.6
4,1,6561,-20088.113538821795,-0.7265171854003303,22.728267908096313,-0.4
4,1,6561,-19444.580387334958,-0.6880530791952744,22.390527486801147,-0.2
4,1,6561,-40504.558104600466,-0.9234414706605963,22.39873170852661,0.0
4,2,81,-89105.88755339428,-1.3374460970803783,0.9311907291412354,-1.6
4,2,81,-88215.4796570019,-1.3310705394209208,0.9301567077636719,-1.4
4,2,81,-86753.58508520361,-1.3187271688556643,0.9197354316711426,-1.2
4,2,81,-84310.77232061602,-1.2966278689452375,0.9533646106719971,-1.0
4,2,81,-80714.69848224458,-1.2685307584144772,0.9470169544219971,-0.8
4,2,81,-76598.36355645952,-1.246536846009418,0.923567533493042,-0.6
4,2,81,-72078.24051453877,-1.2258510448040079,0.945326566696167,-0.4
4,2,81,-67804.64467284264,-1.2078620953117216,0.9277126789093018,-0.2
4,2,81,-70682.81355158554,-1.2437944133556358,0.950667142868042,0.0
4,2,625,-78085.62159679516,-1.2458756769126844,1.0566825866699219,-1.6
4,2,625,-75333.19178741002,-1.2289024515679363,1.042931079864502,-1.4
4,2,625,-72077.18123961081,-1.2088178657257378,1.0533125400543213,-1.2
4,2,625,-68014.5557680493,-1.1834707511529106,1.0539565086364746,-1.0
4,2,625,-62761.021029391835,-1.1514010565488002,1.0616841316223145,-0.8
4,2,625,-55723.22643711916,-1.1063585370648834,1.044658899307251,-0.6
4,2,625,-46643.08597107473,-1.042903280618098,1.064131498336792,-0.4
4,2,625,-40606.07878311154,-0.9983555934915385,1.0583784580230713,-0.2
4,2,625,-50768.64157094904,-1.0719157547546656,1.0583195686340332,0.0
4,2,2401,-67554.75979966905,-1.178155179238231,2.838137626647949,-1.6
4,2,2401,-63842.34348436931,-1.1542135192632907,2.8349978923797607,-1.4
4,2,2401,-59275.049563639,-1.1245923167994984,2.8460309505462646,-1.2
4,2,2401,-53592.94370074418,-1.0858660754794738,2.8451013565063477,-1.0
4,2,2401,-46632.29123119136,-1.0343572945976427,2.861180067062378,-0.8
4,2,2401,-38253.67444601949,-0.9646355442232354,2.8515384197235107,-0.6
4,2,2401,-29165.640852813136,-0.8831479470249983,2.838841676712036,-0.4
4,2,2401,-25452.571599138006,-0.8107969898921565,2.8206162452697754,-0.2
4,2,2401,-42748.40797294992,-0.9753324861436456,2.8270745277404785,0.0
4,2,6561,-57295.95207207148,-1.1101112092952585,22.283295154571533,-1.6
4,2,6561,-52657.72838186656,-1.0777644100595134,22.183185577392578,-1.4
4,2,6561,-47222.67464123701,-1.0365441042339638,22.199170351028442,-1.2
4,2,6561,-40893.74933256046,-0.9835228620673272,22.19312620162964,-1.0
4,2,6561,-33809.29607673918,-0.9199345679521855,22.236465215682983,-0.8
4,2,6561,-26429.556557078708,-0.8416372611262855,22.226943969726562,-0.6
4,2,6561,-19852.51350980242,-0.7559523208673892,22.32802653312683,-0.4
4,2,6561,-19157.281770876158,-0.7162223816508769,22.182035446166992,-0.2
4,2,6561,-39847.24293709609,-0.9325074980567325,22.27729105949402,0.0
4,3,81,-96481.80974185455,-1.4269907201496836,0.9494953155517578,-1.6
4,3,81,-94761.74693835445,-1.4094829832512266,0.9343845844268799,-1.4
4,3,81,-92588.04520578356,-1.388166730674242,0.9294908046722412,-1.2
4,3,81,-89778.9783602107,-1.3626693281687368,0.9267752170562744,-1.0
4,3,81,-86240.47770843377,-1.336431794887837,0.9365379810333252,-0.8
4,3,81,-81997.28189660411,-1.3107660030120818,0.9308762550354004,-0.6
4,3,81,-76773.53564173121,-1.279550542726762,0.9589889049530029,-0.4
4,3,81,-71567.31308781616,-1.2474298544694593,0.9516355991363525,-0.2
4,3,81,-72669.13407143408,-1.2595020099645757,0.9401304721832275,0.0
4,3,625,-82798.92993606855,-1.2991712888553932,1.0581727027893066,-1.6
4,3,625,-79499.80355792303,-1.2749917634531585,1.0701215267181396,-1.4
4,3,625,-75558.49290372909,-1.2488095113917348,1.0593385696411133,-1.2
4,3,625,-70759.25608423984,-1.219334914405199,1.0662338733673096,-1.0
4,3,625,-64602.55538115545,-1.1798159870957297,1.0596725940704346,-0.8
4,3,625,-56286.70985776905,-1.1157298211290487,1.058281421661377,-0.6
4,3,625,-46047.76200973519,-1.0337455316517024,1.0676889419555664,-0.4
4,3,625,-40122.64203315437,-0.9833691503398497,1.0656030178070068,-0.2
4,3,625,-52303.45112579536,-1.0671583412523964,1.0515308380126953,0.0
4,3,2401,-70038.02169716108,-1.2109071116566206,2.8612935543060303,-1.6
4,3,2401,-65601.39366652371,-1.1794008857193197,2.8260304927825928,-1.4
4,3,2401,-60101.122567100996,-1.1366677943997157,2.812303066253662,-1.2
4,3,2401,-53476.14372078949,-1.0840492556852424,2.8332743644714355,-1.0
4,3,2401,-45977.23218339347,-1.0258210054105321,2.8170740604400635,-0.8
4,3,2401,-37615.90636793001,-0.9568319955865049,2.803269386291504,-0.6
4,3,2401,-28802.481667906788,-0.8668641691019109,2.829496145248413,-0.4
4,3,2401,-25299.838213027324,-0.7881034673909051,2.8725380897521973,-0.2
4,3,2401,-43680.51348214781,-0.9577403615013049,2.812697172164917,0.0
4,3,6561,-57663.14502145077,-1.1153050097469508,22.272637844085693,-1.6
4,3,6561,-52373.8191873812,-1.0737319108560128,22.224133729934692,-1.4
4,3,6561,-46567.78227484721,-1.028155259083477,22.246281147003174,-1.2
4,3,6561,-40195.73238511282,-0.9752562884066893,22.16998600959778,-1.0
4,3,6561,-33280.04269283921,-0.9091847861514729,22.129371166229248,-0.8
4,3,6561,-26127.255584438666,-0.8207304776450838,22.273864030838013,-0.6
4,3,6561,-19645.027408732487,-0.7309224611128625,22.22835111618042,-0.4
4,3,6561,-18917.12344422153,-0.6884401963744624,22.1774685382843,-0.2
4,3,6561,-40700.92009011464,-0.9240280038007392,22.26232385635376,0.0
4,4,81,-94785.21110088233,-1.3801061832899368,0.9314913749694824,-1.6
4,4,81,-93562.48460023975,-1.3706703066466963,0.9312744140625,-1.4
4,4,81,-92125.20484716479,-1.3605962300826893,0.9496383666992188,-1.2
4,4,81,-90390.64387326642,-1.3492730079314283,0.9184529781341553,-1.0
4,4,81,-88079.03798287749,-1.3350209942957927,0.9319918155670166,-0.8
4,4,81,-84648.57095630535,-1.3154534462596494,0.9360759258270264,-0.6
4,4,81,-80054.76575087867,-1.2952685618772568,0.917341947555542,-0.4
4,4,81,-75642.27259207747,-1.2770784849933101,0.9188065528869629,-0.2
4,4,81,-75409.10535557117,-1.2724036074814917,0.9820637702941895,0.0
4,4,625,-85187.2555796035,-1.300025123245147,1.047727108001709,-1.6
4,4,625,-81961.6704983206,-1.2729596778556047,1.0535104274749756,-1.4
4,4,625,-77879.19410133225,-1.2415088717798513,1.0579535961151123,-1.2
4,4,625,-72902.63975033117,-1.2060298169458534,1.0514905452728271,-1.0
4,4,625,-66744.35955899877,-1.1649996475871125,1.05645751953125,-0.8
4,4,625,-58716.844921822354,-1.1073742478050492,1.0526750087738037,-0.6
4,4,625,-48240.55077279785,-1.031983554798374,1.055511713027954,-0.4
4,4,625,-41192.61952777437,-0.9752122333668697,1.046567678451538,-0.2
4,4,625,-51351.83923507591,-1.0450119241881193,1.0561833381652832,0.0
4,4,2401,-72230.1348589674,-1.1977370110363297,2.8316707611083984,-1.6
4,4,2401,-67836.9138628391,-1.166309420969978,2.8447725772857666,-1.4
4,4,2401,-62506.52567908041,-1.1269797356534477,2.8984451293945312,-1.2
4,4,2401,-55873.73036386235,-1.0777723059671538,2.906756639480591,-1.0
4,4,2401,-47890.87739189889,-1.01869745169336,2.8915858268737793,-0.8
4,4,2401,-38846.642742671436,-0.9390321702982498,2.939450263977051,-0.6
4,4,2401,-29473.481600887237,-0.837986267908884,2.863814353942871,-0.4
4,4,2401,-25752.448625228775,-0.7759261429635926,2.8826446533203125,-0.2
4,4,2401,-43350.88115938527,-0.9585049454085937,2.8243000507354736,0.0
4,4,6561,-60105.82627312259,-1.107050199139188,22.83097004890442,-1.6
4,4,6561,-54678.95464308839,-1.0669658468399654,22.69617199897766,-1.4
4,4,6561,-48459.325305350954,-1.0198534854629604,22.649998664855957,-1.2
4,4,6561,-41572.42838257535,-0.9605316235872389,23.236077308654785,-1.0
4,4,6561,-34216.70179768045,-0.8850741334685058,22.800498723983765,-0.8
4,4,6561,-26747.73008939028,-0.7984430211987366,22.7341787815094,-0.6
4,4,6561,-20142.82527332165,-0.7169092612755206,22.953324794769287,-0.4
4,4,6561,-19258.603908620076,-0.6897151200712078,22.646018505096436,-0.2
4,4,6561,-40515.29001638602,-0.9239298749876325,22.715851068496704,0.0
